name,email
Jane Smith,jane.smith@example.com
Bob Johnson,bobjohnson@bob.com
Charlie White,charlie.white@gmail.com
Evan Blue,evan@evan.com
Grace,grace.purple@example..com
Ian Gray,ian.gray@example.com